{"cameraMode":{"drawMode":0,"name":"Shaded","section":"Shading Mode"},"sceneLighting":false,"audioPlay":false,"sceneViewState":{"m_AlwaysRefresh":false,"showFog":true,"showSkybox":false,"showFlares":true,"showImageEffects":true,"showParticleSystems":true,"showVisualEffectGraphs":true,"m_FxEnabled":true},"in2DMode":false,"pivot":{"x":2.7577857971191408,"y":-1.285029411315918,"z":200.51214599609376},"rotation":{"x":0.15223965048789979,"y":0.04593990370631218,"z":-0.0070842052809894089,"w":0.9872512221336365},"size":1.7560396194458008,"orthographic":false}