{"cameraMode":{"drawMode":0,"name":"Shaded","section":"Shading Mode"},"sceneLighting":true,"audioPlay":false,"sceneViewState":{"m_AlwaysRefresh":false,"showFog":true,"showSkybox":true,"showFlares":true,"showImageEffects":true,"showParticleSystems":true,"showVisualEffectGraphs":true,"m_FxEnabled":true},"in2DMode":false,"pivot":{"x":0.46838128566741946,"y":-18.58607292175293,"z":22.18635368347168},"rotation":{"x":0.20841479301452638,"y":-0.020537609234452249,"z":0.004377324599772692,"w":0.9778170585632324},"size":30.078388214111329,"orthographic":false}