{"cameraMode":{"drawMode":0,"name":"Shaded","section":"Shading Mode"},"sceneLighting":true,"audioPlay":false,"sceneViewState":{"m_AlwaysRefresh":false,"showFog":true,"showSkybox":true,"showFlares":true,"showImageEffects":true,"showParticleSystems":true,"showVisualEffectGraphs":true,"m_FxEnabled":true},"in2DMode":false,"pivot":{"x":-0.060951054096221927,"y":-3.4895706176757814,"z":209.0216064453125},"rotation":{"x":0.38291916251182558,"y":0.013855569064617157,"z":-0.005744119640439749,"w":0.9236615896224976},"size":8.059535026550293,"orthographic":false}